<?xml version="1.0" encoding="UTF-8"?><rss version="2.0"
	xmlns:content="http://purl.org/rss/1.0/modules/content/"
	xmlns:wfw="http://wellformedweb.org/CommentAPI/"
	xmlns:dc="http://purl.org/dc/elements/1.1/"
	xmlns:atom="http://www.w3.org/2005/Atom"
	xmlns:sy="http://purl.org/rss/1.0/modules/syndication/"
	xmlns:slash="http://purl.org/rss/1.0/modules/slash/"
	>

<channel>
	<title></title>
	<atom:link href="http://localhost/wordpress/index.php/feed/?simply_static_page=2412" rel="self" type="application/rss+xml" />
	<link>https://http://localhost:8888/wordpress</link>
	<description></description>
	<lastBuildDate>Sat, 04 May 2024 10:13:03 +0000</lastBuildDate>
	<language>en-US</language>
	<sy:updatePeriod>
	hourly	</sy:updatePeriod>
	<sy:updateFrequency>
	1	</sy:updateFrequency>
	<generator>https://wordpress.org/?v=6.5.2</generator>
	<item>
		<title>Hello world!</title>
		<link>https://http://localhost:8888/wordpress/index.php/2024/05/04/hello-world/</link>
					<comments>https://http://localhost:8888/wordpress/index.php/2024/05/04/hello-world/#comments</comments>
		
		<dc:creator><![CDATA[test]]></dc:creator>
		<pubDate>Sat, 04 May 2024 10:13:03 +0000</pubDate>
				<category><![CDATA[Uncategorized]]></category>
		<guid isPermaLink="false">https://http://localhost:8888/wordpress/?p=1</guid>

					<description><![CDATA[Welcome to WordPress. This is your first post. Edit or delete it, then start writing!]]></description>
										<content:encoded><![CDATA[
<p>Welcome to WordPress. This is your first post. Edit or delete it, then start writing!</p>
]]></content:encoded>
					
					<wfw:commentRss>https://http://localhost:8888/wordpress/index.php/2024/05/04/hello-world/feed/</wfw:commentRss>
			<slash:comments>1</slash:comments>
		
		
			</item>
	</channel>
</rss>
